t,count,mean_rate,m1_rate,m5_rate,m15_rate,rate_unit
1659637598,1000000,3439.783917,3176.749890,2116.740353,934.439872,events/second
